feature,importance
distance,0.6532410340542869
amt,0.23039110748469846
age,0.0782135744538377
cc_num_encoded,0.023868986724411026
category_encoded,0.008814974812719777
merchant_encoded,0.005470322470046155
