Model,ROC-AUC,PR-AUC,F1-Score,Precision,Recall
Gaussian NB,1.0,1.0,1.0,1.0,1.0
Complement NB,0.8952021978021978,0.5767715105462712,0.3292894280762565,0.19916142557651992,0.95
Multinomial NB,0.8954109890109889,0.5769762240607655,0.3292894280762565,0.19916142557651992,0.95
Bernoulli NB,0.9999956043956044,0.999900495049505,0.99,0.99,0.99
Optimized Gaussian NB,1.0,1.0,1.0,1.0,1.0
